D,P,C,O,F,G,S,OTU_ID,SpeciesID,occ,Absences
Eukaryota,Ascomycota,Archaeorhizomycetes,Archaeorhizomycetales,Archaeorhizomycetaceae,Archaeorhizomyces,NA,Otu195,F0001,181,1000
Eukaryota,Ascomycota,Dothideomycetes,Capnodiales,Cladosporiaceae,Cladosporium,NA,Otu32,F0002,315,1000
Eukaryota,Ascomycota,Dothideomycetes,Dothideales,Dothideales,Scleroconidioma,NA,Otu61,F0003,204,1000
Eukaryota,Ascomycota,Dothideomycetes,Incertae_Sedis,Incertae_Sedis,Heliocephala,NA,Otu1420,F0004,87,270
Eukaryota,Ascomycota,Dothideomycetes,Incertae_Sedis,Incertae_Sedis,Incertae_Sedis,NA,Otu7718,F0005,40,317
Eukaryota,Ascomycota,Dothideomycetes,Pleosporales,Didymellaceae,Ascochyta,NA,Otu88,F0006,281,1000
Eukaryota,Ascomycota,Dothideomycetes,Pleosporales,Didymellaceae,Boeremia,NA,Otu128,F0007,165,192
Eukaryota,Ascomycota,Dothideomycetes,Pleosporales,Didymellaceae,Neoascochyta,NA,Otu11585,F0008,3,354
Eukaryota,Ascomycota,Dothideomycetes,Pleosporales,Incertae_Sedis,Pleiochaeta,NA,Otu138,F0009,187,1000
Eukaryota,Ascomycota,Dothideomycetes,Pleosporales,Incertae_Sedis,Shiraia,NA,Otu1884,F0010,4,353
Eukaryota,Ascomycota,Dothideomycetes,Pleosporales,Massarinaceae,Helminthosporium,NA,Otu376,F0011,86,271
Eukaryota,Ascomycota,Dothideomycetes,Pleosporales,Phaeosphaeriaceae,Ophiosphaerella,NA,Otu115,F0012,255,1000
Eukaryota,Ascomycota,Dothideomycetes,Pleosporales,Pleosporaceae,Alternaria,NA,Otu251,F0013,21,336
Eukaryota,Ascomycota,Dothideomycetes,Pleosporales,Pleosporaceae,Bipolaris,NA,Otu3401,F0014,7,350
Eukaryota,Ascomycota,Dothideomycetes,Pleosporales,Pleosporaceae,Pleospora,NA,Otu104,F0015,298,1000
Eukaryota,Ascomycota,Dothideomycetes,Pleosporales,Pleosporales,Herpotrichia,NA,Otu247,F0016,102,255
Eukaryota,Ascomycota,Dothideomycetes,Pleosporales,Pleosporales,Periconia,NA,Otu591,F0017,44,313
Eukaryota,Ascomycota,Dothideomycetes,Venturiales,Sympoventuriaceae,Fusicladium,NA,Otu158,F0018,308,1000
Eukaryota,Ascomycota,Dothideomycetes,Venturiales,Venturiaceae,Venturia,NA,Otu259,F0019,158,199
Eukaryota,Ascomycota,Eurotiomycetes,Eurotiales,Aspergillaceae,Aspergillus,NA,Otu38,F0020,335,1000
Eukaryota,Ascomycota,Eurotiomycetes,Eurotiales,Aspergillaceae,Monascus,NA,Otu17635,F0021,7,350
Eukaryota,Ascomycota,Eurotiomycetes,Eurotiales,Aspergillaceae,Penicillium,NA,Otu166,F0022,292,1000
Eukaryota,Ascomycota,Eurotiomycetes,Eurotiales,Trichocomaceae,Talaromyces,NA,Otu21,F0023,241,1000
Eukaryota,Ascomycota,Eurotiomycetes,Onygenales,Gymnoascaceae,Arachniotus,NA,Otu2800,F0024,71,286
Eukaryota,Ascomycota,Eurotiomycetes,Onygenales,Onygenaceae,Aphanoascus,NA,Otu1585,F0025,10,347
Eukaryota,Ascomycota,Incertae_Sedis,Incertae_Sedis,Incertae_Sedis,Lecophagus,NA,Otu3780,F0026,30,327
Eukaryota,Ascomycota,Laboulbeniomycetes,Laboulbeniomycetes,Laboulbeniomycetes,Laboulbeniomycetes,NA,Otu12741,F0027,6,351
Eukaryota,Ascomycota,Lecanoromycetes,Caliciales,Physciaceae,Heterodermia,NA,Otu30082,F0028,1,356
Eukaryota,Ascomycota,Lecanoromycetes,Lecanorales,Cladoniaceae,Cladonia,NA,Otu10037,F0029,6,351
Eukaryota,Ascomycota,Leotiomyceta_Incertae_Sedis,Candelariales,Pycnoraceae,Pycnora,NA,Otu445,F0030,158,199
Eukaryota,Ascomycota,Leotiomycetes,Helotiales,Helotiaceae,Helotiaceae,NA,Otu164,F0031,279,1000
Eukaryota,Ascomycota,Leotiomycetes,Helotiales,Helotiales,Helotiales,NA,Otu2615,F0032,130,227
Eukaryota,Ascomycota,Leotiomycetes,Helotiales,Helotiales,Hymenoscyphus,NA,Otu1390,F0033,11,346
Eukaryota,Ascomycota,Leotiomycetes,Helotiales,Helotiales,Rhynchosporium,NA,Otu65,F0034,256,1000
Eukaryota,Ascomycota,Leotiomycetes,Helotiales,Incertae_Sedis,Phialocephala,NA,Otu217,F0035,278,1000
Eukaryota,Ascomycota,Leotiomycetes,Helotiales,Incertae_Sedis,Tetracladium,NA,Otu1035,F0036,114,243
Eukaryota,Ascomycota,Leotiomycetes,Helotiales,Sclerotiniaceae,Scleromitrula,NA,Otu29888,F0037,17,340
Eukaryota,Ascomycota,Leotiomycetes,Helotiales,Sclerotiniaceae,Sclerotinia,NA,Otu86,F0038,282,1000
Eukaryota,Ascomycota,Leotiomycetes,Incertae_Sedis,Incertae_Sedis,Leohumicola,NA,Otu925,F0039,229,1000
Eukaryota,Ascomycota,Leotiomycetes,Incertae_Sedis,Incertae_Sedis,Scytalidium,NA,Otu1370,F0040,66,291
Eukaryota,Ascomycota,Leotiomycetes,Leotiomycetes,Leotiomycetes,Leotiomycetes,NA,Otu1217,F0041,84,273
Eukaryota,Ascomycota,Pezizomycetes,Pezizales,Ascodesmidaceae,Cephaliophora,NA,Otu1180,F0042,53,304
Eukaryota,Ascomycota,Pezizomycetes,Pezizales,Helvellaceae,Helvella,NA,Otu2725,F0043,15,342
Eukaryota,Ascomycota,Pezizomycetes,Pezizales,Helvellaceae,Imaia,NA,Otu1686,F0044,13,344
Eukaryota,Ascomycota,Pezizomycetes,Pezizales,Pezizaceae,Pachyella,NA,Otu5878,F0045,45,312
Eukaryota,Ascomycota,Pezizomycetes,Pezizales,Pezizaceae,Peziza,NA,Otu532,F0046,163,194
Eukaryota,Ascomycota,Pezizomycetes,Pezizales,Pyronemataceae,Geopora,NA,Otu542,F0047,45,312
Eukaryota,Ascomycota,Pezizomycetes,Pezizales,Pyronemataceae,Humaria,NA,Otu1179,F0048,92,265
Eukaryota,Ascomycota,Pezizomycetes,Pezizales,Pyronemataceae,Lamprospora,NA,Otu5077,F0049,42,315
Eukaryota,Ascomycota,Pezizomycetes,Pezizales,Pyronemataceae,Marcelleina,NA,Otu417,F0050,44,313
Eukaryota,Ascomycota,Pezizomycetes,Pezizales,Pyronemataceae,Miladina,NA,Otu1357,F0051,82,275
Eukaryota,Ascomycota,Pezizomycetes,Pezizales,Pyronemataceae,Octospora,NA,Otu1347,F0052,28,329
Eukaryota,Ascomycota,Pezizomycetes,Pezizales,Pyronemataceae,Otidea,NA,Otu3596,F0053,6,351
Eukaryota,Ascomycota,Pezizomycetes,Pezizales,Pyronemataceae,Sowerbyella,NA,Otu75,F0054,70,287
Eukaryota,Ascomycota,Pezizomycetes,Pezizales,Rhizinaceae,Phymatotrichopsis,NA,Otu242,F0055,161,196
Eukaryota,Ascomycota,Pezizomycetes,Pezizales,Sarcoscyphaceae,Pithya,NA,Otu6948,F0056,18,339
Eukaryota,Ascomycota,Pezizomycetes,Pezizales,Tuberaceae,Tuber,NA,Otu232,F0057,34,323
Eukaryota,Ascomycota,Saccharomycetes,Saccharomycetales,Debaryomycetaceae,Candida_glaebosa_clade,NA,Otu13466,F0058,5,352
Eukaryota,Ascomycota,Saccharomycetes,Saccharomycetales,Debaryomycetaceae,Kurtzmaniella,NA,Otu1808,F0059,2,355
Eukaryota,Ascomycota,Saccharomycetes,Saccharomycetales,Debaryomycetaceae,Yamadazyma,NA,Otu15221,F0060,41,316
Eukaryota,Ascomycota,Saccharomycetes,Saccharomycetales,Dipodascaceae,Geotrichum,NA,Otu652,F0061,29,328
Eukaryota,Ascomycota,Saccharomycetes,Saccharomycetales,Incertae_Sedis,Candida,NA,Otu8210,F0062,13,344
Eukaryota,Ascomycota,Saccharomycetes,Saccharomycetales,Metschnikowiaceae,Clavispora,NA,Otu2319,F0063,4,353
Eukaryota,Ascomycota,Saccharomycetes,Saccharomycetales,Metschnikowiaceae,Kodamaea,NA,Otu12056,F0064,4,353
Eukaryota,Ascomycota,Saccharomycetes,Saccharomycetales,Phaffomycetaceae,Barnettozyma,NA,Otu2058,F0065,19,338
Eukaryota,Ascomycota,Saccharomycetes,Saccharomycetales,Phaffomycetaceae,Wickerhamomyces,NA,Otu8670,F0066,4,353
Eukaryota,Ascomycota,Saccharomycetes,Saccharomycetales,Pichiaceae,Pichia,NA,Otu2151,F0067,11,346
Eukaryota,Ascomycota,Saccharomycetes,Saccharomycetales,Saccharomycodaceae,Hanseniaspora,NA,Otu8036,F0068,14,343
Eukaryota,Ascomycota,Saccharomycetes,Saccharomycetales,Saccharomycopsidaceae,Saccharomycopsis,NA,Otu28298,F0069,2,355
Eukaryota,Ascomycota,Saccharomycetes,Saccharomycetales,Trichomonascaceae,Blastobotrys,NA,Otu113,F0070,143,214
Eukaryota,Ascomycota,Saccharomycetes,Saccharomycetales,Trichomonascaceae,Spencermartinsiella,NA,Otu26986,F0071,2,355
Eukaryota,Ascomycota,Saccharomycetes,Saccharomycetales,Trichomonascaceae,Sugiyamaella,NA,Otu7814,F0072,17,340
Eukaryota,Ascomycota,Sordariomycetes,Diaporthales,Cryphonectriaceae,Cryphonectria,NA,Otu21445,F0073,1,356
Eukaryota,Ascomycota,Sordariomycetes,Glomerellales,Glomerellaceae,Colletotrichum,NA,Otu4627,F0074,25,332
Eukaryota,Ascomycota,Sordariomycetes,Glomerellales,Plectosphaerellaceae,Plectosphaerella,NA,Otu14984,F0075,19,338
Eukaryota,Ascomycota,Sordariomycetes,Hypocreales,Bionectriaceae,Clonostachys,NA,Otu18569,F0076,13,344
Eukaryota,Ascomycota,Sordariomycetes,Hypocreales,Incertae_Sedis,Acremonium,NA,Otu22525,F0077,6,351
Eukaryota,Ascomycota,Sordariomycetes,Hypocreales,Nectriaceae,Fusarium,NA,Otu10691,F0078,3,354
Eukaryota,Ascomycota,Sordariomycetes,Hypocreales,Stachybotryaceae,Myrothecium,NA,Otu12577,F0079,13,344
Eukaryota,Ascomycota,Sordariomycetes,Incertae_Sedis,Incertae_Sedis,Flammispora,NA,Otu22326,F0080,12,345
Eukaryota,Ascomycota,Sordariomycetes,Sordariales,Chaetomiaceae,Chaetomium,NA,Otu9600,F0081,9,348
Eukaryota,Ascomycota,Sordariomycetes,Togniniales,Togniniaceae,Phaeoacremonium,NA,Otu2565,F0082,128,229
Eukaryota,Ascomycota,Taphrinomycetes,Taphrinales,Taphrinaceae,Taphrina,NA,Otu7792,F0083,32,325
Eukaryota,Basidiomycota,Agaricomycetes,Agaricales,Agaricales,Agaricales,NA,Otu219,F0084,19,338
Eukaryota,Basidiomycota,Agaricomycetes,Agaricales,Agaricales,Chrysomphalina,NA,Otu9826,F0085,2,355
Eukaryota,Basidiomycota,Agaricomycetes,Agaricales,Agaricales,Nia,NA,Otu1293,F0086,34,323
Eukaryota,Basidiomycota,Agaricomycetes,Agaricales,Amanitaceae,Amanita,NA,Otu45,F0087,269,1000
Eukaryota,Basidiomycota,Agaricomycetes,Agaricales,Hygrophoraceae,Hygrophorus,NA,Otu5554,F0088,2,355
Eukaryota,Basidiomycota,Agaricomycetes,Agaricales,Inocybaceae,Inocybe,NA,Otu432,F0089,60,297
Eukaryota,Basidiomycota,Agaricomycetes,Agaricales,Omphalotaceae,Gymnopus,NA,Otu196,F0090,53,304
Eukaryota,Basidiomycota,Agaricomycetes,Agaricales,Pluteaceae,Volvariella,NA,Otu22605,F0091,5,352
Eukaryota,Basidiomycota,Agaricomycetes,Agaricales,Pterulaceae,Pterula,NA,Otu214,F0092,174,183
Eukaryota,Basidiomycota,Agaricomycetes,Agaricales,Schizophyllaceae,Schizophyllum,NA,Otu34094,F0093,22,335
Eukaryota,Basidiomycota,Agaricomycetes,Agaricales,Tricholomataceae,Camarophyllopsis,NA,Otu2246,F0094,7,350
Eukaryota,Basidiomycota,Agaricomycetes,Agaricales,Tricholomataceae,Melanoleuca,NA,Otu2247,F0095,51,306
Eukaryota,Basidiomycota,Agaricomycetes,Agaricales,Tricholomataceae,Mycena,NA,Otu6477,F0096,6,351
Eukaryota,Basidiomycota,Agaricomycetes,Agaricomycetes,Agaricomycetes,Agaricomycetes,NA,Otu1095,F0097,65,292
Eukaryota,Basidiomycota,Agaricomycetes,Boletales,Boletales,Gyroporus,NA,Otu5813,F0098,4,353
Eukaryota,Basidiomycota,Agaricomycetes,Boletales,Paxillaceae,Paxillus,NA,Otu286,F0099,43,314
Eukaryota,Basidiomycota,Agaricomycetes,Boletales,Sclerodermataceae,Scleroderma,NA,Otu139,F0100,199,1000
Eukaryota,Basidiomycota,Agaricomycetes,Boletales,Serpulaceae,Serpula,NA,Otu6315,F0101,1,356
Eukaryota,Basidiomycota,Agaricomycetes,Boletales,Tapinellaceae,Pseudomerulius,NA,Otu3394,F0102,32,325
Eukaryota,Basidiomycota,Agaricomycetes,Cantharellales,Botryobasidiaceae,Botryobasidium,NA,Otu5313,F0103,28,329
Eukaryota,Basidiomycota,Agaricomycetes,Cantharellales,Cantharellaceae,Cantharellus,NA,Otu320,F0104,24,333
Eukaryota,Basidiomycota,Agaricomycetes,Cantharellales,Cantharellaceae,Craterellus,NA,Otu355,F0105,19,338
Eukaryota,Basidiomycota,Agaricomycetes,Cantharellales,Clavulinaceae,Clavulina,NA,Otu206,F0106,59,298
Eukaryota,Basidiomycota,Agaricomycetes,Cantharellales,Tulasnellaceae,Tulasnella,NA,Otu110,F0107,76,281
Eukaryota,Basidiomycota,Agaricomycetes,Corticiales,Corticiaceae,Hyphodontia,NA,Otu486,F0108,52,305
Eukaryota,Basidiomycota,Agaricomycetes,Corticiales,Corticiaceae,Peniophorella,NA,Otu5986,F0109,3,354
Eukaryota,Basidiomycota,Agaricomycetes,Corticiales,Corticiaceae,Phlebia,NA,Otu26903,F0110,11,346
Eukaryota,Basidiomycota,Agaricomycetes,Corticiales,Corticiaceae,Sistotrema,NA,Otu1591,F0111,95,262
Eukaryota,Basidiomycota,Agaricomycetes,Geastrales,Geastraceae,Geastrum,NA,Otu651,F0112,32,325
Eukaryota,Basidiomycota,Agaricomycetes,Gomphales,Gomphaceae,Clavariadelphus,NA,Otu397,F0113,111,246
Eukaryota,Basidiomycota,Agaricomycetes,Incertae_Sedis,Incertae_Sedis,Resinicium,NA,Otu13353,F0114,1,356
Eukaryota,Basidiomycota,Agaricomycetes,Russulales,Russulales,Russulales,NA,Otu13535,F0115,4,353
Eukaryota,Basidiomycota,Agaricomycetes,Sebacinales,Sebacinaceae,Craterocolla,NA,Otu1262,F0116,145,212
Eukaryota,Basidiomycota,Agaricomycetes,Thelephorales,Thelephoraceae,Thelephoraceae,NA,Otu288,F0117,85,272
Eukaryota,Basidiomycota,Agaricostilbomycetes,Agaricostilbales,Chionosphaeraceae,Ballistosporomyces,NA,Otu5570,F0118,29,328
Eukaryota,Basidiomycota,Agaricostilbomycetes,Agaricostilbales,Incertae_Sedis,Jianyunia,NA,Otu6220,F0119,48,309
Eukaryota,Basidiomycota,Agaricostilbomycetes,Agaricostilbales,Kondoaceae,Kondoa,NA,Otu1346,F0120,40,317
Eukaryota,Basidiomycota,Agaricostilbomycetes,Agaricostilbales,Ruineniaceae,Ruinenia,NA,Otu10186,F0121,2,355
Eukaryota,Basidiomycota,Cystobasidiomycetes,Erythrobasidiales,Erythrobasidiaceae,Bannoa,NA,Otu119,F0122,224,1000
Eukaryota,Basidiomycota,Cystobasidiomycetes,Incertae_Sedis,Incertae_Sedis,Buckleyzyma,NA,Otu33854,F0123,3,354
Eukaryota,Basidiomycota,Cystobasidiomycetes,Incertae_Sedis,Incertae_Sedis,Sakaguchia,NA,Otu14010,F0124,4,353
Eukaryota,Basidiomycota,Cystobasidiomycetes,Incertae_Sedis,Incertae_Sedis,Symmetrospora,NA,Otu15473,F0125,3,354
Eukaryota,Basidiomycota,Dacrymycetes,Dacrymycetales,Dacrymycetaceae,Dacrymyces,NA,Otu2869,F0126,12,345
Eukaryota,Basidiomycota,Geminibasidiomycetes,Geminibasidiales,Geminibasidiaceae,Basidioascus,NA,Otu6473,F0127,6,351
Eukaryota,Basidiomycota,Geminibasidiomycetes,Geminibasidiales,Geminibasidiaceae,Geminibasidium,NA,Otu188,F0128,139,218
Eukaryota,Basidiomycota,Malasseziomycetes,Malasseziales,Malasseziaceae,Malassezia,NA,Otu17194,F0129,3,354
Eukaryota,Basidiomycota,Microbotryomycetes,Incertae_Sedis,Chrysozymaceae,Slooffia,NA,Otu142,F0130,189,1000
Eukaryota,Basidiomycota,Microbotryomycetes,Kriegeriales,Camptobasidiaceae,Camptobasidium,NA,Otu14300,F0131,10,347
Eukaryota,Basidiomycota,Microbotryomycetes,Leucosporidiales,Leucosporidiaceae,Leucosporidium,NA,Otu3544,F0132,91,266
Eukaryota,Basidiomycota,Microbotryomycetes,Sporidiobolales,Sporidiobolaceae,Rhodotorula,NA,Otu1394,F0133,147,210
Eukaryota,Basidiomycota,Microbotryomycetes,Sporidiobolales,Sporidiobolaceae,Sporobolomyces,NA,Otu14671,F0134,1,356
Eukaryota,Basidiomycota,Pucciniomycetes,Pucciniales,Pucciniaceae,Puccinia,NA,Otu8337,F0135,11,346
Eukaryota,Basidiomycota,Pucciniomycetes,Pucciniomycetes,Platygloeaceae,Platygloea,NA,Otu5319,F0136,42,315
Eukaryota,Basidiomycota,Tremellomycetes,Cystofilobasidiales,Cystofilobasidiaceae,Cystofilobasidium,NA,Otu1238,F0137,71,286
Eukaryota,Basidiomycota,Tremellomycetes,Cystofilobasidiales,Mrakiaceae,Itersonilia,NA,Otu697,F0138,46,311
Eukaryota,Basidiomycota,Tremellomycetes,Cystofilobasidiales,Mrakiaceae,Mrakia,NA,Otu30970,F0139,1,356
Eukaryota,Basidiomycota,Tremellomycetes,Cystofilobasidiales,Mrakiaceae,Mrakiaceae,NA,Otu33402,F0140,7,350
Eukaryota,Basidiomycota,Tremellomycetes,Cystofilobasidiales,Mrakiaceae,Udeniomyces,NA,Otu7376,F0141,8,349
Eukaryota,Basidiomycota,Tremellomycetes,Filobasidiales,Filobasidiaceae,Naganishia,NA,Otu127,F0142,47,310
Eukaryota,Basidiomycota,Tremellomycetes,Filobasidiales,Piskurozymaceae,Piskurozyma,NA,Otu21707,F0143,12,345
Eukaryota,Basidiomycota,Tremellomycetes,Tremellales,Bulleribasidiaceae,Hannaella,NA,Otu9198,F0144,16,341
Eukaryota,Basidiomycota,Tremellomycetes,Tremellales,Bulleribasidiaceae,Vishniacozyma,NA,Otu7701,F0145,27,330
Eukaryota,Basidiomycota,Tremellomycetes,Tremellales,Rhynchogastremataceae,Papiliotrema,NA,Otu245,F0146,68,289
Eukaryota,Basidiomycota,Tremellomycetes,Tremellales,Rhynchogastremataceae,Rhynchogastremataceae,NA,Otu2839,F0147,21,336
Eukaryota,Basidiomycota,Tremellomycetes,Tremellales,Tremellales,Sugitazyma,NA,Otu5805,F0148,27,330
Eukaryota,Basidiomycota,Tremellomycetes,Tremellales,Trimorphomycetaceae,Saitozyma,NA,Otu920,F0149,72,285
Eukaryota,Basidiomycota,Tremellomycetes,Trichosporonales,Trichosporonaceae,Apiotrichum,NA,Otu308,F0150,184,1000
Eukaryota,Basidiomycota,Tremellomycetes,Trichosporonales,Trichosporonaceae,Cutaneotrichosporon,NA,Otu1165,F0151,20,337
Eukaryota,Basidiomycota,Tremellomycetes,Trichosporonales,Trichosporonaceae,Trichosporon,NA,Otu4248,F0152,5,352
Eukaryota,Basidiomycota,Tremellomycetes,Trichosporonales,Trichosporonaceae,Vanrija,NA,Otu5612,F0153,10,347
Eukaryota,Basidiomycota,Tritirachiomycetes,Tritirachiales,Tritirachiaceae,Paratritirachium,NA,Otu1564,F0154,33,324
Eukaryota,Blastocladiomycota,Blastocladiomycetes,Blastocladiales,Blastocladiaceae,Allomyces,NA,Otu32820,F0155,10,347
Eukaryota,Blastocladiomycota,Blastocladiomycetes,Blastocladiales,Blastocladiaceae,Microallomyces,NA,Otu32614,F0156,2,355
Eukaryota,Blastocladiomycota,Blastocladiomycetes,Blastocladiales,Blastocladiales,Blastocladiales,NA,Otu4800,F0157,41,316
Eukaryota,Blastocladiomycota,Blastocladiomycetes,Blastocladiales,Blastocladiales,Catenaria,NA,Otu267,F0158,155,202
Eukaryota,Chytridiomycota,Chytridiomycetes,Chytridiales,Chytridiaceae,Dendrochytridium,NA,Otu24692,F0159,16,341
Eukaryota,Chytridiomycota,Chytridiomycetes,Chytridiales,Chytriomycetaceae,Chytriomyces,NA,Otu9900,F0160,14,343
Eukaryota,Chytridiomycota,Chytridiomycetes,Chytridiales,Chytriomycetaceae,Rhizoclosmatium,NA,Otu6932,F0161,24,333
Eukaryota,Chytridiomycota,Chytridiomycetes,Chytridiales,Incertae_Sedis,Incertae_Sedis,NA,Otu4864,F0162,119,238
Eukaryota,Chytridiomycota,Chytridiomycetes,Cladochytriales,Nowakowskiellaceae,Nowakowskiella,NA,Otu18886,F0163,10,347
Eukaryota,Chytridiomycota,Chytridiomycetes,Incertae_Sedis,Incertae_Sedis,Catenomyces,NA,Otu4721,F0164,78,279
Eukaryota,Chytridiomycota,Chytridiomycetes,Incertae_Sedis,Synchytriaceae,Synchytrium,NA,Otu3637,F0165,74,283
Eukaryota,Chytridiomycota,Chytridiomycetes,Lobulomycetales,Lobulomycetaceae,Lobulomyces,NA,Otu12160,F0166,32,325
Eukaryota,Chytridiomycota,Chytridiomycetes,Rhizophydiales,Kappamycetaceae,Kappamyces,NA,Otu17131,F0167,11,346
Eukaryota,Chytridiomycota,Chytridiomycetes,Rhizophydiales,Rhizophydiales,Boothiomyces,NA,Otu6303,F0168,26,331
Eukaryota,Chytridiomycota,Chytridiomycetes,Rhizophydiales,Rhizophydiales,Rhizophydiales,NA,Otu11952,F0169,48,309
Eukaryota,Chytridiomycota,Chytridiomycetes,Spizellomycetales,Olpidiaceae,Olpidium,NA,Otu1043,F0170,125,232
Eukaryota,Chytridiomycota,Chytridiomycetes,Spizellomycetales,Spizellomycetaceae,Gaertneriomyces,NA,Otu25020,F0171,6,351
Eukaryota,Chytridiomycota,Chytridiomycetes,Spizellomycetales,Spizellomycetaceae,Phlyctochytrium,NA,Otu4403,F0172,199,1000
Eukaryota,Chytridiomycota,Monoblepharidomycetes,Monoblepharidales,Gonapodyaceae,Gonapodya,NA,Otu20701,F0173,7,350
Eukaryota,Chytridiomycota,Monoblepharidomycetes,Monoblepharidales,Monoblepharidaceae,Monoblepharella,NA,Otu2077,F0174,107,250
Eukaryota,Chytridiomycota,Monoblepharidomycetes,Monoblepharidales,Monoblepharidales,Hyaloraphidium,NA,Otu12664,F0175,36,321
Eukaryota,Cryptomycota,Incertae_Sedis,Incertae_Sedis,Incertae_Sedis,Paramicrosporidium,NA,Otu12236,F0176,36,321
Eukaryota,Cryptomycota,Incertae_Sedis,Incertae_Sedis,Incertae_Sedis,Rozella,NA,Otu24554,F0177,2,355
Eukaryota,Cryptomycota,LKM11,LKM11,LKM11,LKM11,NA,Otu973,F0178,189,1000
Eukaryota,Mucoromycota,Glomeromycetes,Diversisporales,Diversisporaceae,Diversispora,NA,Otu5746,F0179,59,298
Eukaryota,Mucoromycota,Glomeromycetes,Diversisporales,Gigasporaceae,Dentiscutata,NA,Otu21149,F0180,10,347
Eukaryota,Mucoromycota,Glomeromycetes,Diversisporales,Gigasporaceae,Gigaspora,NA,Otu6935,F0181,77,280
Eukaryota,Mucoromycota,Glomeromycetes,Glomerales,Claroideoglomeraceae,Claroideoglomus,NA,Otu2408,F0182,135,222
Eukaryota,Mucoromycota,Glomeromycetes,Glomerales,Glomeraceae,Funneliformis,NA,Otu1594,F0183,63,294
Eukaryota,Mucoromycota,Glomeromycetes,Glomerales,Glomeraceae,Glomus,NA,Otu6556,F0184,53,304
Eukaryota,Mucoromycota,Glomeromycetes,Glomerales,Glomeraceae,Rhizophagus,NA,Otu2028,F0185,84,273
Eukaryota,Mucoromycota,Glomeromycetes,Paraglomerales,Paraglomeraceae,Paraglomus,NA,Otu700,F0186,131,226
Eukaryota,Mucoromycota,Incertae_Sedis,Endogonales,Endogonaceae,Endogone,NA,Otu1183,F0187,322,1000
Eukaryota,Mucoromycota,Incertae_Sedis,Mortierellales,Mortierellaceae,Mortierella,NA,Otu5,F0188,357,1000
Eukaryota,Mucoromycota,Incertae_Sedis,Mortierellales,Mortierellales,Mortierellales,NA,Otu11255,F0189,19,338
Eukaryota,Mucoromycota,Incertae_Sedis,Mucorales,Cunninghamellaceae,Absidia,NA,Otu1147,F0190,35,322
Eukaryota,Mucoromycota,Incertae_Sedis,Mucorales,Cunninghamellaceae,Gongronella,NA,Otu136,F0191,272,1000
Eukaryota,Mucoromycota,Incertae_Sedis,Mucorales,Lichtheimiaceae,Lichtheimia,NA,Otu18466,F0192,13,344
Eukaryota,Mucoromycota,Incertae_Sedis,Mucorales,Mucoraceae,Mucor,NA,Otu107,F0193,277,1000
Eukaryota,Mucoromycota,Incertae_Sedis,Mucorales,Syncephalastraceae,Syncephalastrum,NA,Otu3073,F0194,24,333
Eukaryota,Mucoromycota,Incertae_Sedis,Umbelopsidales,Umbelopsidaceae,Umbelopsis,NA,Otu12,F0195,333,1000
Eukaryota,Zoopagomycota,Basidiobolomycetes,Basidiobolales,Basidiobolaceae,Schizangiella,NA,Otu9451,F0196,17,340
Eukaryota,Zoopagomycota,Entomophthoromycetes,Entomophthorales,Ancylistaceae,Conidiobolus,NA,Otu7337,F0197,56,301
Eukaryota,Zoopagomycota,Entomophthoromycetes,Entomophthorales,Entomophthoraceae,Pandora,NA,Otu21107,F0198,13,344
Eukaryota,Zoopagomycota,Incertae_Sedis,Harpellales,Legeriomycetaceae,Smittium,NA,Otu15231,F0199,9,348
Eukaryota,Zoopagomycota,Incertae_Sedis,Kickxellales,Kickxellaceae,Coemansia,NA,Otu6769,F0200,68,289
Eukaryota,Zoopagomycota,Incertae_Sedis,Kickxellales,Kickxellaceae,Linderina,NA,Otu28361,F0201,6,351
Eukaryota,Zoopagomycota,Incertae_Sedis,Zoopagales,Piptocephalidaceae,Piptocephalis,NA,Otu604,F0202,211,1000
Eukaryota,Zoopagomycota,Incertae_Sedis,Zoopagales,Zoopagales,Acaulopage,NA,Otu8727,F0203,99,258
